,Time,Epoch,Step,LR,Loss,Accuracy,IoU,Dice
0,2024-05-11_08:02:06,0,0,0.025,0.751746654510498,0.5,0.0,0.0
1,2024-05-11_08:05:20,0,8,0.025,0.6467492646641202,0.5,0.0,0.0
2,2024-05-11_08:08:01,0,16,0.025,0.6136639924610362,0.5,0.0,0.0
3,2024-05-11_08:10:51,0,24,0.025,0.5958336138725281,0.5000003051757812,5.352293397851761e-07,1.0700658677336062e-06
4,2024-05-11_08:13:08,0,32,0.025,0.5847195675878814,0.5091407852943497,0.03236374251834135,0.04810188319562108
5,2024-05-11_08:15:49,0,40,0.025,0.5763603783235317,0.5228594648159617,0.09626262385377979,0.13305920833966783
6,2024-05-11_08:18:38,0,48,0.025,0.5685582793488795,0.5422644323232223,0.15443898966385478,0.20691868783256626
7,2024-05-11_08:18:56,1,0,0.024923916823191623,0.5114996433258057,0.6564496358235677,0.46134648969778214,0.6093328008301434
8,2024-05-11_08:19:05,1,8,0.024923916823191623,0.5094379319085015,0.6797591315375434,0.4898839259169464,0.6312422229432904
9,2024-05-11_08:19:13,1,16,0.024923916823191623,0.5144687610514024,0.6630142810297948,0.5026995180427156,0.6226005076062546
10,2024-05-11_08:19:21,1,24,0.024923916823191623,0.5091387724876404,0.6680845642089843,0.5046317956502846,0.6278076186545861
11,2024-05-11_08:19:28,1,32,0.024923916823191623,0.5039261669823618,0.6716698925904553,0.5006879737893931,0.6303533383541123
12,2024-05-11_08:19:35,1,40,0.024923916823191623,0.4996837762797751,0.6781173954165078,0.504813604483843,0.637209746812469
13,2024-05-11_08:19:41,1,48,0.024923916823191623,0.4956708976200649,0.6725928637446189,0.5053102963881392,0.6349010272364392
14,2024-05-11_08:19:43,2,0,0.02473449970440457,0.4671369791030884,0.5582008361816406,0.5152552089861515,0.5772484267255985
15,2024-05-11_08:19:48,2,8,0.02473449970440457,0.4643094042936961,0.4905594719780816,0.5104913800312113,0.5260394848276847
16,2024-05-11_08:19:54,2,16,0.02473449970440457,0.4615413055700414,0.4643711015289905,0.5236443161288293,0.5101948914958511
17,2024-05-11_08:20:00,2,24,0.02473449970440457,0.45841060996055605,0.44515909830729167,0.5169037111574214,0.49619718604753216
18,2024-05-11_08:20:05,2,32,0.02473449970440457,0.45518676168990857,0.4353389932651712,0.5166291665642271,0.48992103718757163
19,2024-05-11_08:20:11,2,40,0.02473449970440457,0.4523544515051493,0.43228487464470594,0.5166076237954295,0.48855195144184477
20,2024-05-11_08:20:17,2,48,0.02473449970440457,0.45707831394915677,0.4285520177309205,0.5094108067604646,0.4801992037790357
21,2024-05-11_08:20:18,3,0,0.024471043990880726,0.49746960401535034,0.3820482889811198,0.4463316104855652,0.3540043926456344
22,2024-05-11_08:20:24,3,8,0.024471043990880726,0.4854003820154402,0.38696345576533564,0.4871004073365737,0.38247354532409106
23,2024-05-11_08:20:29,3,16,0.024471043990880726,0.4733828867183012,0.39287155749751074,0.4878509299417225,0.40698459010791677
24,2024-05-11_08:20:35,3,24,0.024471043990880726,0.46371023774147035,0.4009734598795573,0.49590313952579446,0.42816152728084605
25,2024-05-11_08:20:41,3,32,0.024471043990880726,0.4557409602584261,0.3985991429800939,0.49924049158433537,0.4355772939181138
26,2024-05-11_08:20:46,3,40,0.024471043990880726,0.4498126761215489,0.3971001539773088,0.5008160833937506,0.4401926440228097
27,2024-05-11_08:20:52,3,48,0.024471043990880726,0.4446077140010133,0.3953163769780373,0.5026889557720337,0.44357594892546753
28,2024-05-11_08:20:53,4,0,0.02413517179337074,0.4239548146724701,0.3580169677734375,0.46676839340087267,0.4212891757551434
29,2024-05-11_08:20:59,4,8,0.02413517179337074,0.4149360954761505,0.3768002545392072,0.5156941185863229,0.44353526865972775
30,2024-05-11_08:21:05,4,16,0.02413517179337074,0.4125137960209566,0.37480761958103553,0.5137680006374711,0.42740209911564353
31,2024-05-11_08:21:10,4,24,0.02413517179337074,0.4109079873561859,0.3787885030110677,0.5159743745818701,0.4250915413215441
32,2024-05-11_08:21:16,4,32,0.02413517179337074,0.40913918343457306,0.3765489212190262,0.5138582816493558,0.4196177338214377
33,2024-05-11_08:21:22,4,40,0.02413517179337074,0.4074866531825647,0.3747392669925845,0.5133044828263637,0.416021667976217
34,2024-05-11_08:21:27,4,48,0.02413517179337074,0.40584737549022754,0.3749031014993888,0.5172917314731093,0.415498848825567
35,2024-05-11_08:21:29,5,0,0.023728951670583268,0.3963967263698578,0.3753369649251302,0.5484191135168719,0.38126274460849946
36,2024-05-11_08:21:34,5,8,0.023728951670583268,0.3956959578726027,0.3699024341724537,0.5282460827872749,0.3862671973024176
37,2024-05-11_08:21:40,5,16,0.023728951670583268,0.3946504733141731,0.3656912410960478,0.5188702868717576,0.38026069371900634
38,2024-05-11_08:21:46,5,24,0.023728951670583268,0.3935021531581879,0.363075917561849,0.5143837363375706,0.37634762127161864
39,2024-05-11_08:21:51,5,32,0.023728951670583268,0.3931913267482411,0.3635371044428662,0.5153828556276268,0.3799311062931839
40,2024-05-11_08:21:57,5,40,0.023728951670583268,0.3921402394771576,0.3645370607453633,0.5187710345073466,0.37892360632634764
41,2024-05-11_08:22:03,5,48,0.023728951670583268,0.3913207485967753,0.3652327920303864,0.5210850079954761,0.3774048253483034
42,2024-05-11_08:22:04,6,0,0.023254885861648728,0.38432228565216064,0.3668200174967448,0.5290133352222663,0.35145412048398406
43,2024-05-11_08:22:10,6,8,0.023254885861648728,0.3850279251734416,0.36840184529622394,0.5375782902350125,0.3622836023814358
44,2024-05-11_08:22:15,6,16,0.023254885861648728,0.38459941043573265,0.36389878216911764,0.5253168721031183,0.3597974904886879
45,2024-05-11_08:22:21,6,24,0.023254885861648728,0.38447630643844605,0.36341944376627605,0.5238735883303343,0.3591937198550101
46,2024-05-11_08:22:27,6,32,0.023254885861648728,0.38385625680287677,0.3637550816391454,0.5257264701013729,0.35776037267152594
47,2024-05-11_08:22:33,6,40,0.023254885861648728,0.38343922684832316,0.3628709064266546,0.5234978436939082,0.3530799176028414
48,2024-05-11_08:22:38,6,48,0.023254885861648728,0.3829233774117061,0.3616933498252817,0.5217495692635058,0.34636723864717694
49,2024-05-11_08:22:40,7,0,0.022715894843954195,0.3796471059322357,0.3708788553873698,0.5465231494136688,0.3258769805492216
50,2024-05-11_08:22:45,7,8,0.022715894843954195,0.37882567445437115,0.35387081570095485,0.5077447170860108,0.311354634018716
51,2024-05-11_08:22:51,7,16,0.022715894843954195,0.3786346894853255,0.35812998752967984,0.518932790728036,0.31607491737993293
52,2024-05-11_08:22:57,7,24,0.022715894843954195,0.378813134431839,0.3579205830891927,0.5183975541925111,0.3150529663546835
53,2024-05-11_08:23:02,7,32,0.022715894843954195,0.3784812878478657,0.35940378362482245,0.5218282173623519,0.3156869802936529
54,2024-05-11_08:23:08,7,40,0.022715894843954195,0.37807249950199595,0.3597966946237455,0.5231962686512563,0.31560497042635505
55,2024-05-11_08:23:14,7,48,0.022715894843954195,0.37810960776951846,0.35984752940482834,0.5228872711160706,0.31540475220526176
56,2024-05-11_08:23:15,8,0,0.022115299311195262,0.376621812582016,0.36735788981119794,0.5462446834888143,0.3042275437254869
57,2024-05-11_08:23:21,8,8,0.022115299311195262,0.3753165404001872,0.36285499290183737,0.5321737107490719,0.31266589250289
58,2024-05-11_08:23:27,8,16,0.022115299311195262,0.37460972105755524,0.36132535747453276,0.5311029353846509,0.3132462163827806
59,2024-05-11_08:23:32,8,24,0.022115299311195262,0.3746994912624359,0.35817886352539063,0.5238687871360502,0.31031996928342753
60,2024-05-11_08:23:38,8,32,0.022115299311195262,0.37450464656858734,0.3555727101335622,0.5221405135266544,0.31121665262623965
61,2024-05-11_08:23:44,8,40,0.022115299311195262,0.3741623097803535,0.3561853238237583,0.5225737915900548,0.3114000634273214
62,2024-05-11_08:23:50,8,48,0.022115299311195262,0.37433552437899065,0.3559476631839259,0.5208155904401105,0.3131849790245674
63,2024-05-11_08:23:51,9,0,0.021456799682342563,0.37262052297592163,0.35930760701497394,0.5263879141865887,0.31270637532681494
64,2024-05-11_08:23:57,9,8,0.021456799682342563,0.37165650063090855,0.3578998424388744,0.5194219255032345,0.3116251037124384
65,2024-05-11_08:24:03,9,16,0.021456799682342563,0.37161672816557045,0.360931770474303,0.5279698240502484,0.3095071159335402
66,2024-05-11_08:24:09,9,24,0.021456799682342563,0.3711830973625183,0.356364491780599,0.5185727725049062,0.29836337209503516
67,2024-05-11_08:24:15,9,32,0.021456799682342563,0.37098991509639856,0.35595213764845723,0.5198157465648027,0.29451849929287643
68,2024-05-11_08:24:21,9,40,0.021456799682342563,0.3707197606563568,0.3568593157016165,0.5235684634886117,0.2931763205638995
69,2024-05-11_08:24:27,9,48,0.021456799682342563,0.37082624435424805,0.35701128901267537,0.5241584526948725,0.2925921389848352
70,2024-05-11_08:24:29,10,0,0.02074445326736916,0.37167438864707947,0.3604393005371094,0.5351554878885217,0.26600176581612317
71,2024-05-11_08:24:35,10,8,0.02074445326736916,0.6454363167285919,0.28826989067925346,0.38882971901957264,0.16840985422520008
72,2024-05-11_08:24:40,10,16,0.02074445326736916,0.6494424956686357,0.28275471107632505,0.36919545186287744,0.14677092678277157
73,2024-05-11_08:24:46,10,24,0.02074445326736916,0.6146545350551605,0.31853373209635416,0.39022107839725956,0.19072264650077037
74,2024-05-11_08:24:52,10,32,0.02074445326736916,0.5877798895041147,0.33520835337012705,0.4116451631614972,0.22293423179190205
75,2024-05-11_08:24:57,10,40,0.02074445326736916,0.5703514807107972,0.34295632587215763,0.42875774282267853,0.2372436727688437
76,2024-05-11_08:25:03,10,48,0.02074445326736916,0.5540295638600174,0.353322476756816,0.4442249695781294,0.25713885043776546
77,2024-05-11_08:25:04,11,0,0.019982649229931426,0.4768032729625702,0.39250818888346356,0.517225436200784,0.33088299663400833
78,2024-05-11_08:25:10,11,8,0.019982649229931426,0.44313157929314506,0.3841845194498698,0.49462062275017943,0.3482181285189632
79,2024-05-11_08:25:15,11,16,0.019982649229931426,0.4329516922726351,0.3875763837028952,0.501727180694672,0.35762914057692563
80,2024-05-11_08:25:21,11,24,0.019982649229931426,0.42900422573089597,0.38408299763997394,0.4953848441584063,0.35784710539556924
81,2024-05-11_08:25:27,11,32,0.019982649229931426,0.42437233617811493,0.3838964905401673,0.4954697945235556,0.3612871850668277
82,2024-05-11_08:25:32,11,40,0.019982649229931426,0.4199538485306065,0.38135069560229296,0.4961060780872795,0.35928935987465
83,2024-05-11_08:25:38,11,48,0.019982649229931426,0.416286366934679,0.37859513159511854,0.49434760848957693,0.35738624526014745
84,2024-05-11_08:25:39,12,0,0.01917608150064403,0.40568917989730835,0.3571154276529948,0.48897255714996174,0.32785403626303483
85,2024-05-11_08:25:45,12,8,0.01917608150064403,0.4169486165046692,0.36454843591760705,0.4997948645159162,0.3252708892496823
86,2024-05-11_08:25:50,12,16,0.01917608150064403,0.4127980400534237,0.3633250816195619,0.4957536821519868,0.3275752858129448
87,2024-05-11_08:25:56,12,24,0.01917608150064403,0.40703488945960997,0.3597723388671875,0.4862008785698951,0.3268463396479327
88,2024-05-11_08:26:02,12,32,0.01917608150064403,0.4043225808577104,0.3626886618257773,0.49367244722115095,0.3306834020318327
89,2024-05-11_08:26:07,12,40,0.01917608150064403,0.40153986360968613,0.36186391938992635,0.4936116388450142,0.33103446598351444
90,2024-05-11_08:26:13,12,48,0.01917608150064403,0.3994404375553131,0.36278920595337744,0.4967316912967703,0.3336445652021047
91,2024-05-11_08:26:14,13,0,0.018329719807045432,0.3877370059490204,0.35754648844401044,0.4883894848766521,0.3297742670044573
92,2024-05-11_08:26:20,13,8,0.018329719807045432,0.38848235872056747,0.3562890511971933,0.49417678005456583,0.32470455998630915
93,2024-05-11_08:26:25,13,16,0.018329719807045432,0.38779765367507935,0.36251501943550857,0.5115657100258909,0.3314352258759758
94,2024-05-11_08:26:31,13,24,0.018329719807045432,0.3870493423938751,0.36530319213867185,0.5178379990136305,0.33457311340019635
95,2024-05-11_08:26:37,13,32,0.018329719807045432,0.3856675218452107,0.3631745155411537,0.514253852146484,0.33230617919512356
96,2024-05-11_08:26:43,13,40,0.018329719807045432,0.38512468919521425,0.36171285117544777,0.5097492777659223,0.33092314461256833
97,2024-05-11_08:26:48,13,48,0.018329719807045432,0.3848444935010404,0.362506762653792,0.5122202352353752,0.3290780118105332
98,2024-05-11_08:26:50,14,0,0.017448778997720706,0.38241761922836304,0.3516197204589844,0.4732311866476769,0.28889314384385534
99,2024-05-11_08:26:55,14,8,0.017448778997720706,0.37996674908532035,0.3592187386971933,0.5087421570399685,0.2978961594077526
100,2024-05-11_08:27:01,14,16,0.017448778997720706,0.3803930878639221,0.3598984363032322,0.5139359482848549,0.2980731051406564
101,2024-05-11_08:27:07,14,24,0.017448778997720706,0.37990833044052125,0.35877477010091147,0.511319474054636,0.2964815628473258
102,2024-05-11_08:27:12,14,32,0.017448778997720706,0.3793769713604089,0.3578241906984888,0.5088896462504234,0.296214609639291
103,2024-05-11_08:27:18,14,40,0.017448778997720706,0.37898265661262887,0.3589432879192073,0.5119759607391209,0.29631391643885846
104,2024-05-11_08:27:24,14,48,0.017448778997720706,0.3788421677083385,0.3596130163491178,0.5141901769151865,0.2968096556700645
105,2024-05-11_08:27:25,15,0,0.016538686848242962,0.37567222118377686,0.34348805745442706,0.474971234023152,0.2764811929085856
106,2024-05-11_08:27:31,15,8,0.016538686848242962,0.37778183155589634,0.36670190316659435,0.5347631245694038,0.30056068338181247
107,2024-05-11_08:27:36,15,16,0.016538686848242962,0.3766206047114204,0.3633736255122166,0.5268366397226589,0.29481601696439563
108,2024-05-11_08:27:42,15,24,0.016538686848242962,0.3759602975845337,0.3619763692220052,0.5235617087153838,0.2941551508567089
109,2024-05-11_08:27:47,15,32,0.016538686848242962,0.37571970531434723,0.3609282368361348,0.5209962585811287,0.29266370281391696
110,2024-05-11_08:27:53,15,40,0.016538686848242962,0.37558338409516867,0.3617871602376302,0.5227468809307909,0.2933173365972058
111,2024-05-11_08:27:58,15,48,0.016538686848242962,0.3752678505011967,0.36026867717301764,0.5193815910188333,0.29233999346468037
112,2024-05-11_08:28:00,16,0,0.01560505054551647,0.3731048107147217,0.3567975362141927,0.5185231784101407,0.27892242436226744
113,2024-05-11_08:28:05,16,8,0.01560505054551647,0.3730899459785885,0.36244851571542247,0.524568761899098,0.2897308346631103
114,2024-05-11_08:28:11,16,16,0.01560505054551647,0.3727368677363676,0.3589041466806449,0.516374033189004,0.2897114408775277
115,2024-05-11_08:28:16,16,24,0.01560505054551647,0.3723661386966705,0.3558105977376302,0.5068867653380408,0.2880684909257951
116,2024-05-11_08:28:22,16,32,0.01560505054551647,0.37219033638636273,0.35773525816021545,0.5125855741105261,0.28974101058078333
117,2024-05-11_08:28:28,16,40,0.01560505054551647,0.3721339259205795,0.36020958132860137,0.5193035314909592,0.2918380067410584
118,2024-05-11_08:28:33,16,48,0.01560505054551647,0.37214468875709844,0.3600107309769611,0.5191704334459094,0.2912082188860211
119,2024-05-11_08:28:35,17,0,0.014653622054654428,0.3715150058269501,0.38070042928059894,0.581033849663603,0.3085643435759842
120,2024-05-11_08:28:40,17,8,0.014653622054654428,0.37062997619311017,0.36401296544958045,0.5332905721907161,0.2932762794015292
121,2024-05-11_08:28:46,17,16,0.014653622054654428,0.37073330318226533,0.3614495221306296,0.525417114193562,0.2920292736047263
122,2024-05-11_08:28:52,17,24,0.014653622054654428,0.3705058717727661,0.3604395039876302,0.523322043067095,0.290899329903525
123,2024-05-11_08:28:57,17,32,0.014653622054654428,0.370219833020008,0.36082107852203676,0.5248327676679361,0.2913575817470336
124,2024-05-11_08:29:03,17,40,0.014653622054654428,0.3700471142443215,0.3591864671164412,0.5221401193330738,0.2894562798421045
125,2024-05-11_08:29:09,17,48,0.014653622054654428,0.3704212660692176,0.35864353828689677,0.5211442839430017,0.28819777708075994
126,2024-05-11_08:29:10,18,0,0.013690262578586816,0.36814039945602417,0.34670130411783856,0.50246416875929,0.27637069659152885
127,2024-05-11_08:29:16,18,8,0.013690262578586816,0.3684714337189992,0.35748545328776044,0.5172990919013957,0.2879206391299299
128,2024-05-11_08:29:21,18,16,0.013690262578586816,0.3688235019936281,0.35619182212679995,0.5155370658675473,0.28698632777667266
129,2024-05-11_08:29:27,18,24,0.013690262578586816,0.36847122192382814,0.35578343709309895,0.5160172099890427,0.28553865938901074
130,2024-05-11_08:29:33,18,32,0.013690262578586816,0.36834516850384796,0.35572545215336965,0.5176689482318428,0.2853144544761761
131,2024-05-11_08:29:38,18,40,0.013690262578586816,0.3684610986128086,0.35578112098259657,0.5176683930428309,0.2845392294972133
132,2024-05-11_08:29:44,18,48,0.013690262578586816,0.3682202587322313,0.35626433495761584,0.5188082781724246,0.28406505162385165
133,2024-05-11_08:29:45,19,0,0.012720906325031648,0.3668383061885834,0.36994298299153644,0.5466930254469237,0.2985720466701298
134,2024-05-11_08:29:51,19,8,0.012720906325031648,0.36740858687294853,0.35776039406105326,0.5197290067413504,0.28410896314630246
135,2024-05-11_08:29:57,19,16,0.012720906325031648,0.3669771043693318,0.3560609256519991,0.5209627341345524,0.2831562617370324
136,2024-05-11_08:30:02,19,24,0.012720906325031648,0.3670382010936737,0.357200927734375,0.5243722428251881,0.2838015295267471
137,2024-05-11_08:30:08,19,32,0.012720906325031648,0.36670071789712616,0.35821537056354563,0.5261754752012703,0.28437459409984545
138,2024-05-11_08:30:14,19,40,0.012720906325031648,0.3667202221184242,0.3572194789483295,0.5237428031821078,0.27985587974527054
139,2024-05-11_08:30:19,19,48,0.012720906325031648,0.36674180079479607,0.35613377888997394,0.521932229047046,0.2759190494525464
140,2024-05-11_08:30:21,20,0,0.011751523798095527,0.36566466093063354,0.3507982889811198,0.4771261526995414,0.24089557498804567
141,2024-05-11_08:30:26,20,8,0.011751523798095527,0.3651120132870144,0.35707388983832467,0.5258165572733062,0.2591308904762197
142,2024-05-11_08:30:32,20,16,0.011751523798095527,0.36484961649950814,0.35778038174498317,0.527822930351649,0.26111489239642394
143,2024-05-11_08:30:38,20,24,0.011751523798095527,0.364792971611023,0.3569408671061198,0.5254293295440917,0.2596430742501638
144,2024-05-11_08:30:43,20,32,0.011751523798095527,0.3648563099629951,0.35748021289555715,0.5270850030100928,0.25976413818259403
145,2024-05-11_08:30:49,20,40,0.011751523798095527,0.3648414844419898,0.3563179388278868,0.5248835543597894,0.2591004429329842
146,2024-05-11_08:30:54,20,48,0.011751523798095527,0.36478121730746055,0.3548737869781702,0.5217074443668054,0.25779002214158125
147,2024-05-11_08:30:56,21,0,0.010788084832347257,0.3640391230583191,0.35167185465494794,0.5122234403409688,0.25288556216683644
148,2024-05-11_08:31:02,21,8,0.010788084832347257,0.36330912510554,0.349103433114511,0.5130921526853336,0.2508417641116904
149,2024-05-11_08:31:07,21,16,0.010788084832347257,0.36364608827759237,0.35087720085592833,0.5162739699745419,0.25167741823700884
150,2024-05-11_08:31:13,21,24,0.010788084832347257,0.36419119119644167,0.3519927469889323,0.5175171939201584,0.2532484957621756
151,2024-05-11_08:31:18,21,32,0.010788084832347257,0.36392426671403827,0.3526015618834833,0.518597203064477,0.2535777379359164
152,2024-05-11_08:31:24,21,40,0.010788084832347257,0.3637131837809958,0.3532380514997777,0.5206532949507097,0.25394011154152724
153,2024-05-11_08:31:30,21,48,0.010788084832347257,0.3637775906494686,0.35402700203616605,0.5222464309238948,0.2540317993726946
154,2024-05-11_08:31:31,22,0,0.00983652158536016,0.3623652458190918,0.35094960530598956,0.5049369057613462,0.24355312517461525
155,2024-05-11_08:31:36,22,8,0.00983652158536016,0.36288198166423374,0.354941897922092,0.5213752328636362,0.24895323805408578
156,2024-05-11_08:31:42,22,16,0.00983652158536016,0.3623716866268831,0.35322024775486366,0.5195371907563328,0.250294339245688
157,2024-05-11_08:31:48,22,24,0.00983652158536016,0.36238012194633484,0.35529759724934895,0.5270482706735077,0.2512859910011355
158,2024-05-11_08:31:53,22,32,0.00983652158536016,0.36234839486353326,0.35429243607954547,0.5246164315456515,0.25116501228249877
159,2024-05-11_08:31:59,22,40,0.00983652158536016,0.36254056270529583,0.3547683653792715,0.525580651111869,0.2504950566372943
160,2024-05-11_08:32:05,22,48,0.00983652158536016,0.3624098203620132,0.3535155211987139,0.5228808089491519,0.2493421312862854
161,2024-05-11_08:32:06,23,0,0.008902691699871377,0.3609512746334076,0.3581288655598958,0.5403121072233107,0.25728044570954045
162,2024-05-11_08:32:11,23,8,0.008902691699871377,0.36153315173255074,0.34907489352756077,0.5161001978262723,0.2478880539100604
163,2024-05-11_08:32:17,23,16,0.008902691699871377,0.3614365966881023,0.3494115343280867,0.5167846196988389,0.24651679662074724
164,2024-05-11_08:32:23,23,24,0.008902691699871377,0.36144233226776123,0.35352493286132813,0.5269462071109634,0.24957967353904154
165,2024-05-11_08:33:33,0,0,0.008902691699871377,0.7138528823852539,0.5,0.0,0.0
166,2024-05-11_08:33:41,0,8,0.008902691699871377,0.701073620054457,0.5,0.0,0.0
167,2024-05-11_08:33:48,0,16,0.008902691699871377,0.6800417724777671,0.5,0.0,0.0
168,2024-05-11_08:33:56,0,24,0.008902691699871377,0.6577596783638,0.5,0.0,0.0
169,2024-05-11_08:34:04,0,32,0.008902691699871377,0.6368848663387876,0.5000002311937737,3.4020773987273045e-07,6.802314414638917e-07
170,2024-05-11_08:34:11,0,40,0.008902691699871377,0.620426249213335,0.5008849787518261,0.0017131515871352256,0.003238321573200241
171,2024-05-11_08:34:19,0,48,0.008902691699871377,0.6080111727422598,0.5132664531266609,0.05240647978298024,0.07119302417805097
172,2024-05-11_08:34:21,1,0,0.0088761929098459,0.5381531715393066,0.592980702718099,0.3405818162664261,0.4639804371406731
173,2024-05-11_08:34:28,1,8,0.0088761929098459,0.5309025976392958,0.6220246774178965,0.38888210456422817,0.5256769835290139
174,2024-05-11_08:34:36,1,16,0.0088761929098459,0.528255441609551,0.6312454822016698,0.4244526268044876,0.5567835655894918
175,2024-05-11_08:34:44,1,24,0.0088761929098459,0.5245922446250916,0.6301215616861979,0.4244826780834976,0.5597569796244233
176,2024-05-11_08:34:51,1,32,0.0088761929098459,0.5224933606205564,0.6313218396119397,0.42845348872993294,0.5630103185544431
177,2024-05-11_08:34:59,1,40,0.0088761929098459,0.521377320696668,0.6295188035422224,0.43129199456695905,0.5623480284025502
178,2024-05-11_08:35:07,1,48,0.0088761929098459,0.5193577676403279,0.626870161822053,0.43791037528748783,0.5649679502891654
179,2024-05-11_08:35:09,2,0,0.008810221368323516,0.5036556124687195,0.6157760620117188,0.44209880008604246,0.5645137700081263
180,2024-05-11_08:35:16,2,8,0.008810221368323516,0.5004702707131704,0.6630357812952112,0.47935394623436867,0.617880037536664
181,2024-05-11_08:35:24,2,16,0.008810221368323516,0.49785026031381946,0.6704192816042432,0.4890403429360827,0.6275469324813718
182,2024-05-11_08:35:31,2,24,0.008810221368323516,0.49614577054977416,0.6745282491048177,0.49953435506983473,0.634880120265197
183,2024-05-11_08:35:39,2,32,0.008810221368323516,0.4970163106918335,0.6489535245028409,0.47313885036272685,0.5963583272140484
184,2024-05-11_08:35:47,2,40,0.008810221368323516,0.49510001191278785,0.6453872308498476,0.47570736722276324,0.5977453589961043
185,2024-05-11_08:35:54,2,48,0.008810221368323516,0.49315582671943975,0.6482827841830091,0.4784107636296347,0.6022840927175475
186,2024-05-11_08:35:56,3,0,0.008718463138363382,0.47982001304626465,0.6683998107910156,0.5066109867090244,0.6360538631585483
187,2024-05-11_08:36:04,3,8,0.008718463138363382,0.47539307673772174,0.6579099584508825,0.516215837878969,0.6352804423452025
188,2024-05-11_08:36:12,3,16,0.008718463138363382,0.47371139245874744,0.6334431218165978,0.5028055617389987,0.6148073291674234
189,2024-05-11_08:36:19,3,24,0.008718463138363382,0.4717176651954651,0.6200286865234375,0.5042478019695935,0.606032515251643
190,2024-05-11_08:36:27,3,32,0.008718463138363382,0.46959469715754193,0.6190497273146504,0.5053771719080196,0.605442467041702
191,2024-05-11_08:36:35,3,40,0.008718463138363382,0.4675622960416282,0.6209994990651201,0.5100382442961835,0.6084503506560025
192,2024-05-11_08:36:42,3,48,0.008718463138363382,0.46567278066459966,0.6188289356880448,0.5061499842426398,0.6060405680217307
193,2024-05-11_08:36:44,4,0,0.008601483180236392,0.45278823375701904,0.6015485127766927,0.529874104272006,0.6075601710929176
194,2024-05-11_08:36:52,4,8,0.008601483180236392,0.4527011281914181,0.5845393428096065,0.5036561598819227,0.5878852219417359
195,2024-05-11_08:37:00,4,16,0.008601483180236392,0.4516458756783429,0.5864168802897135,0.5137990365338643,0.5915821225344488
196,2024-05-11_08:37:07,4,24,0.008601483180236392,0.4502363157272339,0.5756450398763021,0.5092418800737079,0.5852072948489886
197,2024-05-11_08:37:15,4,32,0.008601483180236392,0.44840767979621887,0.5733369769472064,0.5062003026702696,0.5824241376982394
198,2024-05-11_08:37:23,4,40,0.008601483180236392,0.4470559118724451,0.5726198646111217,0.5090241378184657,0.583249117671822
199,2024-05-11_08:37:30,4,48,0.008601483180236392,0.4457743842991031,0.5701559676605017,0.510469485945967,0.5824951879968528
200,2024-05-11_08:37:32,5,0,0.008460001946283982,0.4355320334434509,0.5221748352050781,0.46672272932604036,0.5369375748266038
201,2024-05-11_08:37:40,5,8,0.008460001946283982,0.43524179193708634,0.5422456529405382,0.49902953809247413,0.5670076621231156
202,2024-05-11_08:37:48,5,16,0.008460001946283982,0.434398377642912,0.5387481240665212,0.49969289112730086,0.5664781352430736
203,2024-05-11_08:37:55,5,24,0.008460001946283982,0.4335389304161072,0.5463038635253906,0.514556715360836,0.5736195332156775
204,2024-05-11_08:38:03,5,32,0.008460001946283982,0.43180653633493365,0.5474794946535669,0.5181702985970323,0.5749274726403721
205,2024-05-11_08:38:11,5,40,0.008460001946283982,0.4303585021961026,0.5447801729527916,0.5166224753181022,0.5726238017804105
206,2024-05-11_08:38:19,5,48,0.008460001946283982,0.4289470424457472,0.5421805089833786,0.5156644841011024,0.5714445823961769
207,2024-05-11_08:38:21,6,0,0.008294890934149814,0.41983509063720703,0.524133046468099,0.5033506733337246,0.566458203528518
208,2024-05-11_08:38:28,6,8,0.008294890934149814,0.4191708432303535,0.5293661046911169,0.5177595720031017,0.5666295841631842
209,2024-05-11_08:38:36,6,16,0.008294890934149814,0.41876444571158467,0.5270322911879596,0.5112470921049131,0.5609828485822382
210,2024-05-11_08:38:44,6,24,0.008294890934149814,0.41743958830833433,0.5264579264322916,0.5123941605128192,0.5636039479490002
211,2024-05-11_08:38:52,6,32,0.008294890934149814,0.4162167581644925,0.4874143889456084,0.5116204593539463,0.5356856965779907
212,2024-05-11_08:38:59,6,40,0.008294890934149814,0.41520034830744673,0.4649645177329459,0.5163224448276795,0.5215802970780596
213,2024-05-11_08:39:07,6,48,0.008294890934149814,0.4141892748219626,0.44967262112364476,0.5187736960148311,0.5114381796062794
214,2024-05-11_08:39:09,7,0,0.008107167308472649,0.40713465213775635,0.35028711954752606,0.4963801379802244,0.43229469036586426
215,2024-05-11_08:39:17,7,8,0.008107167308472649,0.40850309530893963,0.3670552571614583,0.5303620241893252,0.45729736806581395
216,2024-05-11_08:39:24,7,16,0.008107167308472649,0.4070836831541622,0.3627536998075597,0.5209434742890197,0.45086720652003587
217,2024-05-11_08:39:32,7,24,0.008107167308472649,0.40596428632736203,0.36176737467447917,0.5189539405928898,0.44846702542574113
218,2024-05-11_08:39:40,7,32,0.008107167308472649,0.40544281764463946,0.36333060987067944,0.523018132015848,0.4500719066314508
219,2024-05-11_08:39:48,7,40,0.008107167308472649,0.40486232900038,0.36104264298105626,0.5174481553822285,0.4467085187204139
220,2024-05-11_08:39:55,7,48,0.008107167308472649,0.4041131029323656,0.36184292747860863,0.5199597864118156,0.44686914381681064
221,2024-05-11_08:39:57,8,0,0.007897987624074062,0.3992650508880615,0.369873046875,0.534191752993436,0.4464109124624865
222,2024-05-11_08:40:05,8,8,0.007897987624074062,0.3990677363342709,0.3653392085322627,0.534542324290239,0.4531863150699696
223,2024-05-11_08:40:13,8,16,0.007897987624074062,0.3978307510123533,0.36392772898954506,0.5309335845775554,0.45116964081040134
224,2024-05-11_08:40:20,8,24,0.007897987624074062,0.39729899883270264,0.36255218505859377,0.5297951627185193,0.4457295376258616
225,2024-05-11_08:40:28,8,32,0.007897987624074062,0.39668177113388525,0.3602840153857915,0.5252747351424517,0.4418705306800765
226,2024-05-11_08:40:36,8,40,0.007897987624074062,0.396190551722922,0.35746448795969893,0.5197860581242711,0.43752307770097587
227,2024-05-11_08:40:44,8,48,0.007897987624074062,0.39577750283844615,0.3577391695814068,0.5204413418905581,0.4345422683345198
228,2024-05-11_08:40:46,9,0,0.007668640689195541,0.3918032646179199,0.33629480997721356,0.48049993881735215,0.3873269221595062
229,2024-05-11_08:40:54,9,8,0.007668640689195541,0.39133399724960327,0.3532103079336661,0.513212125228638,0.42229712684631054
230,2024-05-11_08:41:02,9,16,0.007668640689195541,0.3908994899076574,0.3502325918160233,0.5069972026242272,0.4168161038147101
231,2024-05-11_08:41:10,9,24,0.007668640689195541,0.3904215943813324,0.3530880228678385,0.5156539318417329,0.4194961863454131
232,2024-05-11_08:41:17,9,32,0.007668640689195541,0.3899542878974568,0.35502331666272097,0.520059802105068,0.4226307478987889
233,2024-05-11_08:41:26,9,40,0.007668640689195541,0.38963380237904993,0.35446632199171113,0.5186675483099363,0.41900065313770213
234,2024-05-11_08:41:34,9,48,0.007668640689195541,0.3891190691870086,0.35463320154722044,0.5195128280810474,0.4195297451063299
235,2024-05-11_08:41:36,10,0,0.007420539612615588,0.38683485984802246,0.3294970194498698,0.45527304220793186,0.3749559152626238
236,2024-05-11_08:41:44,10,8,0.007420539612615588,0.3860928648047977,0.35136597244827833,0.5126620789833578,0.40329056690795384
237,2024-05-11_08:41:52,10,16,0.007420539612615588,0.38557157095740824,0.3493965747309666,0.5092508233540843,0.40216139631942566
238,2024-05-11_08:42:00,10,24,0.007420539612615588,0.3853411531448364,0.35164377848307293,0.5145020826979244,0.40305571261556483
239,2024-05-11_08:42:09,10,32,0.007420539612615588,0.38491665323575336,0.3522372775607639,0.5167552927260051,0.4036628767358416
240,2024-05-11_08:42:18,10,40,0.007420539612615588,0.38441680626171393,0.35301627182379003,0.5186665425187109,0.4043339667261299
241,2024-05-11_08:42:26,10,48,0.007420539612615588,0.38422865101269316,0.3530776614234561,0.5194338846605367,0.404016918143549
242,2024-05-11_08:42:28,11,0,0.007155213083474126,0.38195091485977173,0.35772959391276044,0.5252989295710663,0.3989463477282332
243,2024-05-11_08:42:37,11,8,0.007155213083474126,0.3810025254885356,0.35508445457175924,0.5257343899614874,0.4020514652948164
244,2024-05-11_08:42:45,11,16,0.007155213083474126,0.38070351937237906,0.34857043098000917,0.5103147704460578,0.39519514100377806
245,2024-05-11_08:42:53,11,24,0.007155213083474126,0.38045970678329466,0.3491242472330729,0.5120993963470647,0.3955822148270793
246,2024-05-11_08:43:01,11,32,0.007155213083474126,0.3800575796401862,0.3518611252909959,0.5196375939455584,0.3993443312463895
247,2024-05-11_08:43:08,11,40,0.007155213083474126,0.3797590274636338,0.35313151910053037,0.5228738851216908,0.40102143848163285
248,2024-05-11_08:43:16,11,48,0.007155213083474126,0.37952983501006143,0.3523833086701477,0.5215099050084566,0.399678382435732
249,2024-05-11_08:43:18,12,0,0.006874295937315227,0.3770831525325775,0.3629099527994792,0.5548161225159776,0.4116394676375013
250,2024-05-11_08:43:26,12,8,0.006874295937315227,0.37703043553564286,0.3560875786675347,0.5345121381147255,0.4023643438397348
251,2024-05-11_08:43:33,12,16,0.006874295937315227,0.3772989844574648,0.3531019173416437,0.5250591532697148,0.39886845812155247
252,2024-05-11_08:43:41,12,24,0.006874295937315227,0.3769028925895691,0.35305852254231773,0.5257466309302987,0.3984501218091285
253,2024-05-11_08:43:48,12,32,0.006874295937315227,0.3767240128733895,0.3529715489859533,0.5255617957177682,0.39809460170114147
254,2024-05-11_08:43:56,12,40,0.006874295937315227,0.3765220969188504,0.35234370658068154,0.5244073131853083,0.38728544127871745
255,2024-05-11_08:44:04,12,48,0.006874295937315227,0.3761696699930697,0.3514165553916879,0.5224947476450316,0.38257369252251294
256,2024-05-11_08:44:06,13,0,0.006579519066197423,0.3723984956741333,0.36116790771484375,0.5528753302452633,0.34779177498330266
257,2024-05-11_08:44:13,13,8,0.006579519066197423,0.3717920349703895,0.34572615446867766,0.5181563779020077,0.33929587860893196
258,2024-05-11_08:44:21,13,16,0.006579519066197423,0.371690827257493,0.34609446806066174,0.5174610311866555,0.34045816086289715
259,2024-05-11_08:44:29,13,24,0.006579519066197423,0.3713425588607788,0.3461273701985677,0.5165868887413629,0.3528551430572299
260,2024-05-11_08:44:36,13,32,0.006579519066197423,0.3711009296503934,0.3479877433391533,0.521160171710904,0.353301921527908
261,2024-05-11_08:44:44,13,40,0.006579519066197423,0.37102770587293116,0.34975303091653964,0.5258036609531426,0.3534188421456014
262,2024-05-11_08:44:52,13,48,0.006579519066197423,0.3717366061648544,0.3509576758559869,0.5268870359312262,0.35112437419486686
263,2024-05-11_08:44:54,14,0,0.006272698734680994,0.37177786231040955,0.34783045450846356,0.5272483213279512,0.34112892620523855
264,2024-05-11_08:45:01,14,8,0.006272698734680994,0.36991435951656765,0.34392717149522567,0.5107038451772662,0.33159156894206937
265,2024-05-11_08:45:09,14,16,0.006272698734680994,0.3693363193203421,0.34450022379557294,0.5128777208025332,0.3342951159774974
266,2024-05-11_08:45:17,14,24,0.006272698734680994,0.36895718216896056,0.3475159200032552,0.5211238797731019,0.3388610900510466
267,2024-05-11_08:45:24,14,32,0.006272698734680994,0.36885022936445294,0.3495215213660038,0.5267263290498835,0.3415552655677987
268,2024-05-11_08:45:32,14,40,0.006272698734680994,0.36869998167200785,0.3493008807422669,0.526481549214574,0.34130179852741727
269,2024-05-11_08:45:40,14,48,0.006272698734680994,0.36845946311950684,0.34971828849948183,0.5275010220199927,0.3414757420598081
270,2024-05-11_08:45:42,15,0,0.005955725367052237,0.36708101630210876,0.36923472086588544,0.5764915074554399,0.3597160766951177
271,2024-05-11_08:45:49,15,8,0.005955725367052237,0.3673868245548672,0.35678354899088544,0.5431723497325279,0.3454934923574997
272,2024-05-11_08:45:57,15,16,0.005955725367052237,0.3669227870071636,0.349514456356273,0.5284766202602537,0.3395596056605386
273,2024-05-11_08:46:04,15,24,0.005955725367052237,0.3668836462497711,0.3490924580891927,0.5270461634147756,0.3387256135098595
274,2024-05-11_08:46:12,15,32,0.005955725367052237,0.36667573632615985,0.34949847905322756,0.5284469337967244,0.3377198705319149
275,2024-05-11_08:46:20,15,40,0.005955725367052237,0.3666010302741353,0.3494899098466082,0.5289630836030008,0.33835590438528906
276,2024-05-11_08:46:27,15,48,0.005955725367052237,0.36641072801181246,0.34902206732302293,0.527546900038911,0.33739255770849397
277,2024-05-11_08:46:29,16,0,0.005630551874252084,0.365415096282959,0.33516820271809894,0.49412124706211813,0.33182916389744677
278,2024-05-11_08:46:37,16,8,0.005630551874252084,0.365050388707055,0.34459107010452833,0.5179125754330715,0.33333873660580476
279,2024-05-11_08:46:44,16,16,0.005630551874252084,0.36467605128007774,0.3434401867436428,0.515449517869635,0.3308866669236706
280,2024-05-11_08:46:52,16,24,0.005630551874252084,0.3643765354156494,0.34698084513346356,0.5245495849101224,0.33444443099225213
281,2024-05-11_08:47:00,16,32,0.005630551874252084,0.3642470926949472,0.34821296460700757,0.5279869479512701,0.3358862029043097
282,2024-05-11_08:47:07,16,40,0.005630551874252084,0.3646192645154348,0.3482900169806752,0.5269884486820621,0.3341023406701338
283,2024-05-11_08:47:15,16,48,0.005630551874252084,0.36443367235514584,0.3487950798605575,0.5288405479429346,0.33293297228039626
284,2024-05-11_08:47:17,17,0,0.005299181591605928,0.36316007375717163,0.3621533711751302,0.5660698090080817,0.33928600075233123
285,2024-05-11_08:47:25,17,8,0.005299181591605928,0.3630637758307987,0.3505421391239873,0.5339204548048205,0.3335630699277356
286,2024-05-11_08:47:32,17,16,0.005299181591605928,0.36299024960573983,0.3496866413191253,0.531986476896609,0.32975817608432517
287,2024-05-11_08:47:40,17,24,0.005299181591605928,0.3628541874885559,0.34952239990234374,0.5322141625663608,0.3294366419872343
288,2024-05-11_08:47:48,17,32,0.005299181591605928,0.36267445213866956,0.34913064975931185,0.5312323151977938,0.3296821225773652
289,2024-05-11_08:47:55,17,40,0.005299181591605928,0.3625726539914201,0.3491969224883289,0.5317633818349475,0.33009613037857205
290,2024-05-11_08:48:03,17,48,0.005299181591605928,0.36265660670338845,0.3479669531997369,0.5286443415358826,0.32938270725425095
291,2024-05-11_08:48:05,18,0,0.0049636559005630425,0.3619771897792816,0.3483416239420573,0.5244993532996108,0.32332372850286545
292,2024-05-11_08:48:13,18,8,0.0049636559005630425,0.3614471091164483,0.35130719785337094,0.536950950321196,0.3289105142324714
293,2024-05-11_08:48:20,18,16,0.0049636559005630425,0.36125853657722473,0.3470603344487209,0.5265496604963339,0.32480091907567454
294,2024-05-11_08:48:28,18,24,0.0049636559005630425,0.3612103533744812,0.34646087646484375,0.5264796678744069,0.32520370912149016
295,2024-05-11_08:48:35,18,32,0.0049636559005630425,0.36105689677325165,0.34866279062598643,0.5323415698039617,0.32790674496096067
296,2024-05-11_08:48:43,18,40,0.0049636559005630425,0.361005434175817,0.34978410674304494,0.5352977092959508,0.32843135411734115
297,2024-05-11_08:48:51,18,48,0.0049636559005630425,0.36100579950274253,0.3469786871047247,0.5277273034330519,0.324282377342789
298,2024-05-11_08:48:53,19,0,0.004626041609199582,0.3615283966064453,0.3598670959472656,0.5667551419466897,0.32310692879153147
299,2024-05-11_08:49:00,19,8,0.004626041609199582,0.3601083490583632,0.34574339124891496,0.5245836969314674,0.3114584146677297
300,2024-05-11_08:49:08,19,16,0.004626041609199582,0.36013517660253186,0.34607965805951285,0.5263212637992147,0.31467059185802637
301,2024-05-11_08:49:15,19,24,0.004626041609199582,0.3598759531974792,0.34583414713541666,0.5264104636067618,0.31506319029821583
302,2024-05-11_08:49:23,19,32,0.004626041609199582,0.3596852512070627,0.34852800465593436,0.5337053248677462,0.3190169430925716
303,2024-05-11_08:49:31,19,40,0.004626041609199582,0.35970707855573514,0.34666334322797576,0.5285686546639532,0.31896843804654446
304,2024-05-11_08:49:39,19,48,0.004626041609199582,0.3597588478302469,0.34688500644398385,0.5291100446586374,0.3182724883414963
305,2024-05-11_08:49:40,20,0,0.004288418167156112,0.3589645326137543,0.3476676940917969,0.5284241215474804,0.3152791592466197
306,2024-05-11_08:49:48,20,8,0.004288418167156112,0.35853080285920036,0.34443565651222513,0.522363220986908,0.307681537879327
307,2024-05-11_08:49:56,20,16,0.004288418167156112,0.3585895527811611,0.3434769873525582,0.5208262100593455,0.31053544027830915
308,2024-05-11_08:50:03,20,24,0.004288418167156112,0.3584655272960663,0.34455693562825523,0.5237950048939352,0.3117929327988375
309,2024-05-11_08:50:11,20,32,0.004288418167156112,0.35839747840707953,0.34688849400992344,0.5300806376501314,0.3145889683165498
310,2024-05-11_08:50:19,20,40,0.004288418167156112,0.35835824870481725,0.3463571750051607,0.5289882034555385,0.31378017433431316
311,2024-05-11_08:50:26,20,48,0.004288418167156112,0.3582567590840009,0.3462065612377764,0.5287260330194316,0.31308708348204023
312,2024-05-11_08:50:28,21,0,0.003952864790881809,0.3575153350830078,0.3585052490234375,0.5678916499438965,0.322462616289952
313,2024-05-11_08:50:36,21,8,0.003952864790881809,0.3574531508816613,0.3495671307599103,0.5386606822663257,0.3117536073377458
314,2024-05-11_08:50:44,21,16,0.003952864790881809,0.35752497701083913,0.3459928923962163,0.5293368154213876,0.31149806787813655
315,2024-05-11_08:50:51,21,24,0.003952864790881809,0.35748818039894104,0.3443394470214844,0.5254633145812335,0.30870634435603644
316,2024-05-11_08:50:59,21,32,0.003952864790881809,0.3574125784816164,0.34582199713196415,0.5295957404078296,0.30967385122224106
317,2024-05-11_08:51:06,21,40,0.003952864790881809,0.35730546785563955,0.3457796670557038,0.5296811897799729,0.3092085183767092
318,2024-05-11_08:51:14,21,48,0.003952864790881809,0.35736052296599563,0.34570813341205625,0.5288968940531799,0.3102536247564501
319,2024-05-11_08:51:16,22,0,0.0036214475744138514,0.35708850622177124,0.36113230387369794,0.5723258342260514,0.3227012786412297
320,2024-05-11_08:51:24,22,8,0.0036214475744138514,0.3567061490482754,0.34986835055881077,0.5392009891243936,0.31043721270598507
321,2024-05-11_08:51:31,22,16,0.0036214475744138514,0.3566114657065448,0.3483128267176011,0.5358862521836314,0.3089591068449014
322,2024-05-11_08:51:39,22,24,0.0036214475744138514,0.3565788960456848,0.34560546875,0.5295282089517408,0.3068068106376289
323,2024-05-11_08:51:47,22,32,0.0036214475744138514,0.35653995203249383,0.34630646368469853,0.5318833257262655,0.30791058853166364
324,2024-05-11_08:51:55,22,40,0.0036214475744138514,0.3564925622649309,0.3457823652562087,0.5302699662454768,0.3076916461600171
325,2024-05-11_08:52:02,22,48,0.0036214475744138514,0.3564352399232436,0.34538219737357834,0.5290689459521579,0.3068943308714584
326,2024-05-11_08:52:04,23,0,0.0032962066592322234,0.3563575744628906,0.35902150472005206,0.5642131090604003,0.33251182314532884
327,2024-05-11_08:52:12,23,8,0.0032962066592322234,0.35598089959886337,0.3453171341507523,0.5304543336625847,0.30857500094201823
328,2024-05-11_08:52:19,23,16,0.0032962066592322234,0.35595207003986135,0.34375815298043044,0.5250546281304151,0.30663176330450603
329,2024-05-11_08:52:27,23,24,0.0032962066592322234,0.35592797994613645,0.34549474080403647,0.5294339311392406,0.30735614441387976
330,2024-05-11_08:52:35,23,32,0.0032962066592322234,0.3558563364274574,0.3473775844381313,0.5341832326344882,0.30873469902454953
331,2024-05-11_08:52:42,23,40,0.0032962066592322234,0.3557925166153326,0.34687696627485076,0.5331099363942144,0.3079390659405646
332,2024-05-11_08:52:50,23,48,0.0032962066592322234,0.3557424149951156,0.34573231911172675,0.5298565313311876,0.306688085658883
333,2024-05-11_08:52:52,24,0,0.0029791435336748275,0.35545581579208374,0.3625132242838542,0.5750897932059403,0.323044206312807
334,2024-05-11_08:53:00,24,8,0.0029791435336748275,0.3554147018326653,0.3426666259765625,0.5210768274592117,0.3021395268186597
335,2024-05-11_08:53:07,24,16,0.0029791435336748275,0.355339856708751,0.343623067818436,0.5228449936877207,0.3028862398470564
336,2024-05-11_08:53:15,24,24,0.0029791435336748275,0.3553337943553925,0.3455168660481771,0.5285898397918294,0.3048835621113468
337,2024-05-11_08:53:23,24,32,0.0029791435336748275,0.3553054152113019,0.34481946386472145,0.5276873657001574,0.30447621166180744
338,2024-05-11_08:53:30,24,40,0.0029791435336748275,0.35525329083931156,0.3451847293512608,0.5294346456778508,0.3048295504323874
339,2024-05-11_08:53:38,24,48,0.0029791435336748275,0.35521836426793313,0.34572476756816006,0.5305703478284194,0.30513454405310986
340,2024-05-11_08:53:40,25,0,0.0026722085274387634,0.35494178533554077,0.3385518391927083,0.5102587456798074,0.30119610537026936
341,2024-05-11_08:53:47,25,8,0.0026722085274387634,0.3549070225821601,0.34686604252568,0.5297029907163948,0.3019856871568044
342,2024-05-11_08:53:55,25,16,0.0026722085274387634,0.3548617959022522,0.34468759274950217,0.5257036846454906,0.3014986272945947
343,2024-05-11_08:54:03,25,24,0.0026722085274387634,0.35483204483985903,0.3415691121419271,0.5186740565475969,0.2978791441231016
344,2024-05-11_08:54:10,25,32,0.0026722085274387634,0.3548063130089731,0.34271059132585624,0.5223952729217518,0.29305216132083545
345,2024-05-11_08:54:18,25,40,0.0026722085274387634,0.35477467062996654,0.34393946329752606,0.5253423591286817,0.2960258636043757
346,2024-05-11_08:54:26,25,48,0.0026722085274387634,0.35474121631408223,0.3445145743233817,0.5273437093332177,0.2978203753627235
347,2024-05-11_08:54:28,26,0,0.002377288558908817,0.35458487272262573,0.33154551188151044,0.4883115405056228,0.28829279066347774
348,2024-05-11_08:54:35,26,8,0.002377288558908817,0.3545355300108592,0.3391304016113281,0.5136423642463792,0.2974756104037363
349,2024-05-11_08:54:43,26,16,0.002377288558908817,0.3545026130536023,0.3402865540747549,0.5164445375855631,0.29927686796967384
350,2024-05-11_08:54:51,26,24,0.002377288558908817,0.3544718027114868,0.3416851806640625,0.5210504134435977,0.3008656345230708
351,2024-05-11_08:54:58,26,32,0.002377288558908817,0.3544477964892532,0.34323705808080807,0.5242323321615454,0.2987879177377814
352,2024-05-11_08:55:06,26,40,0.002377288558908817,0.3544147814192423,0.3446444999880907,0.527663286464686,0.30008133105576495
353,2024-05-11_08:55:14,26,48,0.002377288558908817,0.3543827837827254,0.3449521745954241,0.5286584061690774,0.30094397003959567
354,2024-05-11_08:55:15,27,0,0.0020961951808103033,0.35420775413513184,0.3380419413248698,0.5104705483846729,0.2971680585561894
355,2024-05-11_08:55:23,27,8,0.0020961951808103033,0.3541715343793233,0.3463096618652344,0.5312372697399513,0.2885166336844508
356,2024-05-11_08:55:31,27,16,0.0020961951808103033,0.35414299544166117,0.34584815829407933,0.5307692694732605,0.28244057243499293
357,2024-05-11_08:55:39,27,24,0.0020961951808103033,0.35412105441093444,0.3465760294596354,0.5327481704066098,0.28074348443311165
358,2024-05-11_08:55:46,27,32,0.0020961951808103033,0.35409851868947345,0.3456852845471315,0.5298160182626526,0.27870865646518467
359,2024-05-11_08:55:54,27,40,0.0020961951808103033,0.35407529080786354,0.3461972058303957,0.5312890508756317,0.28040536878928585
360,2024-05-11_08:56:01,27,48,0.0020961951808103033,0.3540585819555789,0.34551929292224703,0.5298251175096441,0.2837365307926258
361,2024-05-11_08:56:03,28,0,0.0018306529499923863,0.3539142608642578,0.36821619669596356,0.5862082465265346,0.32282163389714474
362,2024-05-11_08:56:11,28,8,0.0018306529499923863,0.3538898593849606,0.3587233931929977,0.5623305180673147,0.2898542054708381
363,2024-05-11_08:56:19,28,16,0.0018306529499923863,0.3538741434321684,0.3515148536831725,0.5459846534342951,0.28265919112810306
364,2024-05-11_08:56:26,28,24,0.0018306529499923863,0.353853622674942,0.34984629313151044,0.5407419675277615,0.2800901026642476
365,2024-05-11_08:56:34,28,32,0.0018306529499923863,0.3538353741168976,0.3465899843158144,0.5329152590422889,0.2772028031579172
366,2024-05-11_08:56:42,28,40,0.0018306529499923863,0.3538188708991539,0.3453397673319995,0.5292890642902687,0.2757825122476633
367,2024-05-11_08:56:49,28,48,0.0018306529499923863,0.3538001173613023,0.34498466439798575,0.5290888089277187,0.2754968858870828
368,2024-05-11_08:56:51,29,0,0.0015822881143422334,0.353677362203598,0.33652369181315106,0.5062236543213975,0.2688377592588518
369,2024-05-11_08:56:59,29,8,0.0015822881143422334,0.3536580204963684,0.3367156982421875,0.5043123444234996,0.2667604721405248
370,2024-05-11_08:57:06,29,16,0.0015822881143422334,0.353639634216533,0.3365011776194853,0.5060419051694641,0.2675640935331454
371,2024-05-11_08:57:14,29,24,0.0015822881143422334,0.353629344701767,0.34071685791015627,0.5178814975068354,0.27093001496694463
372,2024-05-11_08:57:22,29,32,0.0015822881143422334,0.3536185414502115,0.34391981182676373,0.5258116737075833,0.2735809256528293
373,2024-05-11_08:57:29,29,40,0.0015822881143422334,0.3536002054447081,0.3454041209647326,0.5301617349065934,0.2748391850839574
374,2024-05-11_08:57:37,29,48,0.0015822881143422334,0.3535837537171889,0.34531096374096515,0.529800503188145,0.2747502156438965
375,2024-05-11_08:57:39,30,0,0.0013526175527181538,0.3534751534461975,0.36824671427408856,0.5957039066624618,0.2948193373965649
376,2024-05-11_08:57:47,30,8,0.0013526175527181538,0.3534599112139808,0.3419986300998264,0.523919768622831,0.27273946886189687
377,2024-05-11_08:57:54,30,16,0.0013526175527181538,0.3534440030069912,0.3439780590580959,0.52730254860266,0.27402200392168524
378,2024-05-11_08:58:02,30,24,0.0013526175527181538,0.35342970609664914,0.3434467061360677,0.5261909557915815,0.2731903276889239
379,2024-05-11_08:58:09,30,32,0.0013526175527181538,0.3534158549525521,0.3456138071387705,0.5308867607815836,0.2746302892645095
380,2024-05-11_08:58:17,30,40,0.0013526175527181538,0.35340321427438315,0.3457389459377382,0.5310660772328055,0.27461055623886094
381,2024-05-11_08:58:25,30,48,0.0013526175527181538,0.35338951251944717,0.34489762701955784,0.528394470610749,0.27405157238272065
382,2024-05-11_08:58:27,31,0,0.0011430377992280754,0.35329827666282654,0.3444976806640625,0.5173692895472027,0.26687973360118117
383,2024-05-11_08:58:34,31,8,0.0011430377992280754,0.3532821337381999,0.34423927024558737,0.5280383195609386,0.2732116404975585
384,2024-05-11_08:58:42,31,16,0.0011430377992280754,0.35327331283513236,0.3447904399797028,0.529649747179686,0.2740475307017272
385,2024-05-11_08:58:50,31,24,0.0011430377992280754,0.35326179265975954,0.34644388834635415,0.5322065226601483,0.27490755269301065
386,2024-05-11_08:58:57,31,32,0.0011430377992280754,0.3532505225051533,0.3473535017533736,0.5350130223214649,0.2758273029451862
387,2024-05-11_08:59:05,31,40,0.0011430377992280754,0.353238408885351,0.34658475426154406,0.5328239333392185,0.27524495911298713
388,2024-05-11_08:59:13,31,48,0.0011430377992280754,0.35322717683655874,0.3451111722154682,0.5289770406884782,0.27396955907577303
389,2024-05-11_08:59:15,32,0,0.0009548137806908792,0.35315531492233276,0.3540496826171875,0.5572982606521468,0.2838398085115694
390,2024-05-11_08:59:22,32,8,0.0009548137806908792,0.35313958591885036,0.34531233045789933,0.5316660817108745,0.2744721095181111
391,2024-05-11_08:59:30,32,16,0.0009548137806908792,0.3531310558319092,0.34531813976811426,0.5301674251509074,0.2741250687852654
392,2024-05-11_08:59:38,32,24,0.0009548137806908792,0.3531240081787109,0.34485249837239584,0.5289952857191457,0.27386429215583985
393,2024-05-11_08:59:45,32,32,0.0009548137806908792,0.3531158178141623,0.34521465108852195,0.529613870836005,0.2739949418285324
394,2024-05-11_08:59:53,32,40,0.0009548137806908792,0.3531051728783584,0.345383527802258,0.530088354028072,0.27425352372630635
395,2024-05-11_09:00:01,32,48,0.0009548137806908792,0.3530944567553851,0.3445423152171025,0.527667893389948,0.27352700600394786
396,2024-05-11_09:00:03,33,0,0.0007890664785297995,0.35303300619125366,0.34273529052734375,0.5221148414263085,0.27238857787985066
397,2024-05-11_09:00:10,33,8,0.0007890664785297995,0.35301893949508667,0.3428580672652633,0.522748062565241,0.27241312302183335
398,2024-05-11_09:00:18,33,16,0.0007890664785297995,0.35301268977277417,0.3412959528904335,0.520447514035909,0.27120063294471636
399,2024-05-11_09:00:25,33,24,0.0007890664785297995,0.3530051898956299,0.34347320556640626,0.5249650603932583,0.27271844071403206
400,2024-05-11_09:00:33,33,32,0.0007890664785297995,0.3529965669819803,0.3428557039511324,0.5233731180229767,0.2721781983276453
401,2024-05-11_09:00:41,33,40,0.0007890664785297995,0.35298856002528495,0.3450328857918096,0.5287912425559673,0.27385775051863653
402,2024-05-11_09:00:48,33,48,0.0007890664785297995,0.3529802883157925,0.3448271459462691,0.5286290832297988,0.27373199059045267
403,2024-05-11_09:00:50,34,0,0.0006467578008204014,0.35292863845825195,0.33988062540690106,0.5217334307417789,0.2719971061136764
404,2024-05-11_09:00:58,34,8,0.0006467578008204014,0.3529195818636153,0.3485432377567998,0.5399339779497487,0.27751241641578395
405,2024-05-11_09:01:06,34,16,0.0006467578008204014,0.35291311495444355,0.34939126407398896,0.5406063080195199,0.2776262085218085
406,2024-05-11_09:01:13,34,24,0.0006467578008204014,0.3529057347774506,0.3446741231282552,0.529021781864608,0.27377140706985853
407,2024-05-11_09:01:21,34,32,0.0006467578008204014,0.35289842341885425,0.34597766760623816,0.5312171310775584,0.27437809321396217
408,2024-05-11_09:01:29,34,40,0.0006467578008204014,0.3528920862732864,0.3467985633912125,0.5333288796537232,0.27505564666056237
409,2024-05-11_09:01:37,34,48,0.0006467578008204014,0.3528856349234678,0.3446932163368277,0.5279458055604911,0.27317541818672436
410,2024-05-11_09:01:39,35,0,0.0005286687167384367,0.3528383672237396,0.3372650146484375,0.509896015423725,0.2674704135539914
411,2024-05-11_09:01:47,35,8,0.0005286687167384367,0.352834079000685,0.347603268093533,0.5362447732836733,0.27649338603756085
412,2024-05-11_09:01:54,35,16,0.0005286687167384367,0.3528278259670033,0.3428281896254596,0.5233115897351314,0.2719723504258384
413,2024-05-11_09:02:02,35,24,0.0005286687167384367,0.3528217661380768,0.3428728739420573,0.5238723428947542,0.27227562587247617
414,2024-05-11_09:02:10,35,32,0.0005286687167384367,0.35281650225321454,0.3445541304771346,0.5276704272106427,0.2731487464442342
415,2024-05-11_09:02:17,35,40,0.0005286687167384367,0.35281123838773587,0.3446387624352928,0.5277721680122013,0.2731643791360501
416,2024-05-11_09:02:25,35,48,0.0005286687167384367,0.35280599034562404,0.3445762582376701,0.527573562632551,0.2730914637061421
417,2024-05-11_09:02:27,36,0,0.00043536072548711134,0.35277050733566284,0.3465156555175781,0.52893028843962,0.27447680406429364
418,2024-05-11_09:02:35,36,8,0.00043536072548711134,0.3527657787005107,0.35004439177336516,0.5390268074340477,0.2774749110226213
419,2024-05-11_09:02:42,36,16,0.00043536072548711134,0.3527609530617209,0.34678058998257505,0.5330499753864605,0.27518269339371926
420,2024-05-11_09:02:50,36,24,0.00043536072548711134,0.3527569806575775,0.34505701700846353,0.528690960953462,0.27377241065664476
421,2024-05-11_09:02:58,36,32,0.00043536072548711134,0.35275179418650543,0.3441611781264796,0.5262949935806625,0.2729066312499125
422,2024-05-11_09:03:06,36,40,0.00043536072548711134,0.3527467890483577,0.344983449796351,0.5284401849728647,0.27354164671169434
423,2024-05-11_09:03:13,36,48,0.00043536072548711134,0.35274305574747983,0.3455526131350978,0.5304857280927204,0.27388805805549116
424,2024-05-11_09:03:15,37,0,0.00036709246639002346,0.35271406173706055,0.346923828125,0.5362513408120916,0.2755302573834806
425,2024-05-11_09:03:23,37,8,0.00036709246639002346,0.3527096145682865,0.3450688962583189,0.529202615929742,0.27208910949970544
426,2024-05-11_09:03:31,37,16,0.00036709246639002346,0.3527049562510322,0.3452393026912914,0.528868081696634,0.2729394176477077
427,2024-05-11_09:03:38,37,24,0.00036709246639002346,0.3527019083499908,0.34666778564453127,0.5327759628995106,0.27452495209805644
428,2024-05-11_09:03:46,37,32,0.00036709246639002346,0.3526980894984621,0.3441806369357639,0.5267118696219596,0.272563932498689
429,2024-05-11_09:03:54,37,40,0.00036709246639002346,0.3526938652119985,0.3446560371212843,0.5277280127906206,0.2729579860427472
430,2024-05-11_09:04:02,37,48,0.00036709246639002346,0.3526896013289082,0.34502283732096356,0.5290759987113376,0.2730793274790149
431,2024-05-11_09:04:03,38,0,0.0003235969250041231,0.3526608347892761,0.3585319519042969,0.5644194090529339,0.28272346786754615
432,2024-05-11_09:04:11,38,8,0.0003235969250041231,0.3526584075556861,0.34421058937355326,0.5302936113924207,0.2719404466113
433,2024-05-11_09:04:19,38,16,0.0003235969250041231,0.3526558315052706,0.34504542631261487,0.530209586922809,0.27279690987062194
434,2024-05-11_09:04:27,38,24,0.0003235969250041231,0.3526530647277832,0.34557327270507815,0.5313018990641868,0.2737052832383369
435,2024-05-11_09:04:34,38,32,0.0003235969250041231,0.352650292895057,0.34611426459418404,0.5324370658488193,0.2739693915039611
436,2024-05-11_09:04:42,38,40,0.0003235969250041231,0.35264712862852143,0.345428125645087,0.5299737558198611,0.2732433394645209
437,2024-05-11_09:04:50,38,48,0.0003235969250041231,0.35264367290905546,0.3450769696916853,0.5294333221855431,0.27314396282403347
438,2024-05-11_09:04:52,39,0,0.00030332002069633965,0.3526235520839691,0.3433125813802083,0.5264680393288886,0.2718690066484097
439,2024-05-11_09:04:59,39,8,0.00030332002069633965,0.3526180055406358,0.34387955842194734,0.5258621661510156,0.2714924997454138
440,2024-05-11_09:05:07,39,16,0.00030332002069633965,0.35261475338655357,0.3470947415220971,0.5328906712601078,0.2737289596453385
441,2024-05-11_09:05:14,39,24,0.00030332002069633965,0.35261172175407407,0.3452404276529948,0.5294039613705871,0.2729760645711582
442,2024-05-11_09:05:22,39,32,0.00030332002069633965,0.35260861028324475,0.34495525167445945,0.528678999193254,0.2728280856312457
443,2024-05-11_09:05:30,39,40,0.00030332002069633965,0.3526056546990464,0.34419352833817646,0.5275071751592488,0.27258788403600437
444,2024-05-11_09:05:38,39,48,0.00030332002069633965,0.35260272695093736,0.3455562980807557,0.5303810602233766,0.2734011487307828
445,2024-05-11_09:06:38,39,-1,0.00030332002069633965,-1.0,0.6713322957356771,0.5023797302751108,0.6521890774147193
